word;meaning;pos;plural;present;fs;mp;fp;uses;example;arabicScript;pronunciation;usesPronunciation
ana;I;Personal pronoun;;;;;; ana kbir.; I am big.;أنا; [sound:darija_818.mp3];
khaS;need;Verb;;kheS;;;; khaSni nn3es; I need to sleep;خاص; [sound:darija_2.mp3]  ;
nta; you (masc.sing)        ;Personal Pronoun;;;;;; nta dki; You're smart;نتا; [sound:darija_919.mp3];
nti; you (fem.sing);Personal Pronoun;;;;;; nti ghliDa; You're fat;نتي; [sound:darija_920.mp3];
wa7ed;one;Numeral;;;;;; 3endi bent we7da; I have one daughter; واحد  ; [sound:darija_5.mp3]  ;
juj;two;Numeral;;;;;; chrit juj dyal srawel; I bought two pants; جوج  ; [sound:darija_6.mp3]  ;
tlata;three;Numeral;;;;;; fe9t m3a tlata dyal sba7; I woke up at three in the morning; ثلاثة  ; [sound:darija_7.mp3]  ;
reb3a;four;Numeral;;;;;; 3endi reb3a dyal lekhkhut; I have four siblings; ربعة  ; [sound:darija_8.mp3]  ;
khemsa;five;Numeral;;;;;; 3endi khemsa euro; I have five euros; خمسة  ; [sound:darija_9.mp3]  ;
setta;six;Numeral;;;;;; mchit setta tel merrat; I went six times; ستة  ; [sound:darija_10.mp3]  ;
seb3a;seven;Numeral;;;;;;;; سبعة  ; [sound:darija_11.mp3]  ;
tmenia;eight;Numeral;;;;;;;; تمنية  ; [sound:darija_12.mp3]  ;
tes3ud;nine;Numeral;;;;;;;; تسعود  ; [sound:darija_13.mp3]  ;
3echra;ten;Numeral;;;;;;;; عشرة  ; [sound:darija_14.mp3]  ;
7Dach;eleven;Numeral;;;;;;;; حضاش  ; [sound:darija_15.mp3]  ;
Tnach;twelve;Numeral;;;;;;;; طناش  ; [sound:darija_16.mp3]  ;
telTTach;thirteen;Numeral;;;;;;;; تلطاش  ; [sound:darija_17.mp3]  ;
rbe3Tach;fourteen;Numeral;;;;;;;; ربعطاش  ; [sound:darija_18.mp3]  ;
khemsTTach;fifteen;Numeral;;;;;;;; خمسطاش  ; [sound:darija_19.mp3]  ;
seTTach;sixteen;Numeral;;;;;;;; سطاش  ; [sound:darija_20.mp3]  ;
sbe3Tach;seventeen;Numeral;;;;;;;; سبعطاش  ; [sound:darija_21.mp3]  ;
tmenTach;eighteen;Numeral;;;;;;;; تمنطاش  ; [sound:darija_22.mp3]  ;
tse3Tach;nineteen;Numeral;;;;;;;; تسعطاش  ; [sound:darija_23.mp3]  ;
3echrin;twenty;Numeral;;;;;;;; عشرين  ; [sound:darija_24.mp3]  ;
wa7ed w 3echrin;twenty one;Numeral;;;;;;;; واحد و عشرين  ; [sound:darija_25.mp3]  ;
tlatin;thirty;Numeral;;;;;;;; تلاتين  ; [sound:darija_26.mp3]  ;
reb3in;forty;Numeral;;;;;;;; ربعين  ; [sound:darija_27.mp3]  ;
khemsin;fifty;Numeral;;;;;;;; خمسين  ; [sound:darija_28.mp3]  ;
settin;sixty;Numeral;;;;;;;; ستين  ; [sound:darija_29.mp3]  ;
seb3in;seventy;Numeral;;;;;;;; سبعين  ; [sound:darija_30.mp3]  ;
tmanin;eighty;Numeral;;;;;;;; تمانين  ; [sound:darija_31.mp3]  ;
tes3in;ninety;Numeral;;;;;;;; تسعين  ; [sound:darija_32.mp3]  ;
mya;one hundred;Numeral;;;;;;;; مية  ; [sound:darija_33.mp3]  ;
alf;one thousand;Numeral;;;;;;;; ألف  ; [sound:darija_34.mp3]  ;
3echralaf;ten thousand;Numeral;;;;;;;; عشرآلاف  ; [sound:darija_35.mp3]  ;
myatalf;one hundred thousand;Numeral;;;;;;;; مية ألف  ; [sound:darija_36.mp3]  ;
melyun;one million;Numeral;;;;;;;; مليون  ; [sound:darija_37.mp3]  ;
melyar;one billion;Numeral;;;;;;;; مليار  ; [sound:darija_38.mp3];
mra; woman;Noun;3yalat;;;;;;; مرأة  ; [sound:darija_39.mp3]  ;
Sif;summer;Noun;Syufa;;;;;;;صيف; [sound:darija_40.mp3]  ;
m3a;with/at;Preposition;;;;;;;; مع  ; [sound:darija_916.mp3];
Tul;length;Noun;Tul;;;;;;;طول; [sound:darija_42.mp3]  ;
7uma;neighbourhood;Noun;7umat;;;;;;;حومى; [sound:darija_43.mp3]  ;
chaf; to see, to look;Verb;;chuf;;;;;; شاف  ; [sound:darija_827.mp3];
m3eTTel; late;Adjective;;;m3eTTla;m3eTTlin;m3eTTlat;;; معطل  ; [sound:darija_45.mp3]  ;
bekri; early;Adverb;;;;;;;; بكري  ; [sound:darija_46.mp3]  ;
kaneTa;can;Noun;kaneTat;;;;;;; كانيطة  ; [sound:darija_47.mp3]  ;
derri;" boy ;guy";Noun;drari;;;;;;; دري  ; [sound:darija_48.mp3]  ;
derriya; girl;Noun;derriyat;;;;;;; درية  ; [sound:darija_49.mp3]  ;
l7em; meat;Noun;l7em;;;;;;;لحم  ; [sound:darija_50.mp3]  ;
kheDra;veggie;Noun;kheDra;;;;;;;خضرة; [sound:darija_51.mp3]  ;
rbi3;spring;Noun;rbi3;;;;;;;ربيع; [sound:darija_52.mp3]  ;
muwDDaf; employee;Noun;muwDDafin;;;;;;; موظف  ; [sound:darija_53.mp3]  ;
Sba7; morning;Noun;Sba7at;;;;;;;صباح  ; [sound:darija_54.mp3]  ;
nhar; day;Noun;nharat;;;;;;; نهار  ; [sound:darija_55.mp3]  ;
kul kulla; every all of;Pronoun;;;;;;;; كل كُلَّ  ; [sound:darija_56.mp3]  ;
3a2ila; family;Noun;3a2ilat;;;;;;; عائلة  ; [sound:darija_57.mp3]  ;
3endi; in my possession;Adverb;;;;;;;; عندي  ; [sound:darija_58.mp3]  ;
Sa7ba;female friend;Noun;S7abat;;;;;;;صاحبة; [sound:darija_59.mp3]  ;
jedd; grand-father;Noun;jduda;;;;;;; جد  ; [sound:darija_60.mp3]  ;
jedda; grand-mother;Noun;jeddat;;;;;;; جدة  ; [sound:darija_61.mp3]  ;
bezzaf; a lot too a lot;Adverb;;;;;;;; بزاف  ; [sound:darija_62.mp3]  ;
ttnin;monday;Noun (Day of the week);;;;;;;; الاثنين  ; [sound:darija_63.mp3]  ;
ttlat;tuesday;Noun (Day of the week);;;;;;;; الثلاثاء  ; [sound:darija_64.mp3]  ;
larbe3;wednesday;Noun (Day of the week);;;;;;;; الأربعاء  ; [sound:darija_65.mp3]  ;
lekhmis;thursday;Noun (Day of the week);;;;;;;; الخميس  ; [sound:darija_66.mp3]  ;
jjem3a;friday;Noun (Day of the week);;;;;;;; الجمعة  ; [sound:darija_67.mp3]  ;
ssebt;Saturday;Noun (Day of the week);;;;;;;;السبت; [sound:darija_68.mp3]  ;
l7edd; Sunday;Noun (Day of the week);;;;;;;; الحد  ; [sound:darija_69.mp3]  ;
bernamaj; program;Noun;baramij;;;;;;; برنامج  ; [sound:darija_70.mp3]  ;
n3as; sleep;Noun;n3as;;;;;fiya nn3as.;I am sleepy.;نعاس; [sound:darija_71.mp3]  ;
Tbib; doctor;Noun;Tbba;;;;;;; طبيب  ; [sound:darija_72.mp3]  ;
su9; market;Noun;swa9;;;;;;; سوق  ; [sound:darija_73.mp3]  ;
khrej;To go out;Verb;;khrej;;;;;; خرج  ; [sound:darija_74.mp3]  ;
kherrej; to take out;Verb;;kherrej;;;;;; خرج; [sound:darija_75.mp3]  ;
rje3; to return \n to come back;Verb;;rje3;;;;;; رجع  ; [sound:darija_76.mp3]  ;
rejje3; to return (something) give back;Verb;;rejje3;;;;;; رجع; [sound:darija_77.mp3]  ;
mriD; sick;Adjective;;;mriDa;mrAd;mraDat;;; مريض  ; [sound:darija_78.mp3]  ;
bjuj;both;;;;;;;;;بجوج; [sound:darija_79.mp3]  ;
fTer; to have breakfast;Verb;;fTer;;;;;; فطر  ; [sound:darija_80.mp3]  ;
fa9; to wake up;Verb;;fi9;;;;;; فاق  ; [sound:darija_897.mp3];
t3echcha; to have dinner;Verb;;t3echcha;;;;;; تعشى  ; [sound:darija_82.mp3]  ;
3amer; full;Adjective;;;3amra;3amrin;3amrat;;; عامر  ; [sound:darija_83.mp3]  ;
khawi; empty;Adjective;;;khawya;khawyin;khawyat;;; خاوي  ; [sound:darija_84.mp3]  ;
t9edda; to go shopping;Verb;;t9edda;;;;;; تقدى  ; [sound:darija_85.mp3]  ;
m3ach m3ayach fu9ach imta;when what time;Pronoun;;;;;;;;معاش معاياش فوقاش إمتى; [sound:darija_86.mp3]  ;
sa3a; hour watch;Noun;swaye3;;;;;;; ساعة  ; [sound:darija_87.mp3]  ;
ch7al; how many how much;Pronoun;;;;;;;; شحال  ; [sound:darija_88.mp3]  ;
jab; to bring;Verb;;jib;;;;;; جاب  ; [sound:darija_89.mp3]  ;
Sag; to drive;Verb;;Sug;;;;;; صاق  ; [sound:darija_90.mp3]  ;
7lem;to dream;Verb;;7lem;;;;;;حلم; [sound:darija_91.mp3]  ;
wjeh; face;Noun;wjuh;;;;;;; وجه  ; [sound:darija_92.mp3]  ;
neS; half;Noun;nSuSa;;;;;;; نص  ; [sound:darija_93.mp3]  ;
7wayj; clothes;Noun;7wayj;;;;;;; حوايج  ; [sound:darija_94.mp3]  ;
khda; to take;Verb;;yakhed;;;;;; خدا  ; [sound:darija_96.mp3]  ;
9ehwa; coffee café;Noun;9hawi;;;;;;; قهوة  ; [sound:darija_97.mp3]  ;
7lib; milk;Noun;7lib;;;;;;; حليب  ; [sound:darija_98.mp3]  ;
khebza; bread;Noun;khubz khebzat;;;;;;; خبزة  ; [sound:darija_99.mp3]  ;
zebda; butter;Noun;zebda;;;;;;; زبدة  ; [sound:darija_100.mp3] ;
3aSir; juice;Noun;3aSir;;;;;;; عصير  ; [sound:darija_101.mp3]  ;
limuna; orange;Noun;limun;;;;;;; ليمونة  ; [sound:darija_102.mp3]  ;
bra; to be cured;Verb;;bra;;;;;; برا  ; [sound:darija_103.mp3]  ;
tghedda; to have lunch;Verb;;tghedda;;;;;; تغدى  ; [sound:darija_104.mp3]  ;
rta7; to rest;Verb;;rta7;;;;;; رتاح  ; [sound:darija_105.mp3]  ;
chwiya; a little;;;;;;;;; شوية  ; [sound:darija_106.mp3]  ;
mnin; from where;Preposition;;;;;;;; منين  ; [sound:darija_107.mp3]  ;
rbe3; quarter;;;;;;;;; ربع  ; [sound:darija_108.mp3]  ;
mcha; to go;Verb;;mchi;;;;;; مشى  ; [sound:darija_109.mp3]  ;
dar.; house home;Noun;dyur;;;;;;; دار  ; [sound:darija_110.mp3]  ;
7awel;to try;Verb;;7awel;;;;;;حاول; [sound:darija_111.mp3]  ;
n3es; to sleep;Verb;;n3es;;;;;; نعس  ; [sound:darija_112.mp3]  ;
merra; time;Noun;merrat;;;;;;; مرة  ; [sound:darija_113.mp3]  ;
akher; another;Pronoun;;;;;;;; آخر  ; [sound:darija_114.mp3]  ;
khra; another (f);Pronoun;;;;;;;; أخرى  ; [sound:darija_115.mp3]  ;
bgha;to want to love;Verb;;bghi;;;;;; بغى  ; [sound:darija_898.mp3];
chi; some;Pronoun;;;;;;;; شي  ; [sound:darija_117.mp3]  ;
jme3; to collect to organize to gather;Verb;;jme3;;;;;; جمع  ; [sound:darija_118.mp3]  ;
zbel; trash;Noun;zbel;;;;;;; زبل  ; [sound:darija_119.mp3]  ;
jaweb redd; to answer;Verb;;jaweb redd;;;;;;جاوب رد; [sound:darija_120.mp3]  ;
ne99a; to clean;Verb;;ne99i;;;;;; نقى  ; [sound:darija_121.mp3]  ;
daba; now;Adverb;;;;;;;; دابا  ; [sound:darija_122.mp3]  ;
9bila; earlier;Adverb;;;;;;;; قبيلة  ; [sound:darija_123.mp3]  ;
b9a; to stay to be left to remain;Verb;;b9a;;;;;; بقى  ; [sound:darija_877.mp3];
ba9i; still;Adjective;;;ba9ya;ba9yin;ba9yat;;; باقي  ; [sound:darija_125.mp3]  ;
khedma; work;Noun;khedmat khdami;;;;;;; خدمة  ; [sound:darija_917.mp3];
mti7an; exam;Noun;mti7anat;;;;;;; امتحان  ; [sound:darija_127.mp3]  ;
ghir; just only;Adverb;;;;;;;; غير  ; [sound:darija_128.mp3]  ;
liya; to me for me;Preposition with pronoun;;;;;;;; ليا  ; [sound:darija_129.mp3]  ;
Se77e7; to correct;Verb;;S77e7;;;;;; صحح  ; [sound:darija_130.mp3]  ;
teS7i7; correction;Noun;taSa7i7;;;;;;; تصحيح  ; [sound:darija_131.mp3]  ;
7bes;to stop;Verb;;7bes;;;;;;حبس; [sound:darija_879.mp3];
kan; was (describes past state);Verb;;kun;;;;;; كان  ; [sound:darija_776.mp3];
Sa7i7; correct;Adjective;;;Sa7i7a;Sa7i7in;Sa7i7at;;; صحيح  ; [sound:darija_134.mp3]  ;
S7i7; strong healthy;Adjective;;;S7i7a;S7a7;S7a7at;;; صحيح; [sound:darija_135.mp3]  ;
D3if; weak thin skinny;Adjective;;;D3ifa;D3af;D3afat;;; ضعيف  ; [sound:darija_136.mp3]  ;
mumkin; possible;Adjective;;;mumkina;-;-;;; ممكن  ; [sound:darija_137.mp3]  ;
Teyyeb; to cook;Verb;;Teyyeb;;;;;; طيب  ; [sound:darija_138.mp3]  ;
lyum; today;Adverb;;;;;;;; اليوم  ; [sound:darija_139.mp3]  ;
lbare7; yesterday;;;;;;;;; البارح  ; [sound:darija_140.mp3]  ;
ghdda; tomorrow;Adverb;;;;;;;; غدا  ; [sound:darija_141.mp3]  ;
Simana; week;Noun;Simanat;;;;;;; صيمانة  ; [sound:darija_142.mp3]  ;
kelma;word;Noun;kelmat/klam;;;;;;;كلمة; [sound:darija_143.mp3]  ;
congé; vacation;Noun;les congés;;;;;;; عطلة  ; [sound:darija_144.mp3]  ;
3oTla; holiday;Noun;3oTlat/3oTal;;;;;;; عطلة  ; [sound:darija_145.mp3]  ;
sekhkhen; to warm up;Verb;;sekhkhen;;;;;; سخن  ; [sound:darija_146.mp3]  ;
berred; to make (something) cold;Verb;;berred;;;;;; برد  ; [sound:darija_147.mp3]  ;
chaT; to be left over;Verb;;chiT;;;;;;شاط  ; [sound:darija_148.mp3]  ;
jumla;sentence;Noun;jumal;;;;;;;جملة; [sound:darija_149.mp3]  ;
3afak; please;;;;;;;;; عافاك  ; [sound:darija_150.mp3];
ghadi; future particle;;;;;;;;; غادي  ; [sound:darija_913.mp3];
melli; when;;;;;;;;; ملي  ; [sound:darija_152.mp3];
resto; restaurant;Noun;les restos restoat;;;;;;; ريسطو  ; [sound:darija_153.mp3];
zar; to visit;Verb;;zur;;;;;;زار; [sound:darija_154.mp3];
khal; maternal uncle;Noun;khwal;;;;;;; خال  ; [sound:darija_155.mp3];
sket; to be silent to shut up;Verb;;sket;;;;;; سكت  ; [sound:darija_156.mp3];
sekket; to silence to turn off;Verb;;sekket;;;;;; سكّت  ; [sound:darija_157.mp3];
Tomobil Tomobila; car;Noun;Tomobilat;;;;;;; طوموبيل  ; [sound:darija_158.mp3];
musi9a; music;Noun;mmase9;;;;;;; موسيقى  ; [sound:darija_159.mp3];
micro-onde; microwave;Noun;les micro-ondes;;;;;;; ميكرو أوند  ; [sound:darija_160.mp3];
Tfa; to turn off;Verb;;Tfi;;;;;; طفى  ; [sound:darija_161.mp3];
ch3el; to turn on;Verb;;ch3el;;;;;; شعل  ; [sound:darija_162.mp3];
DDo; electricity light;Noun;DDo;;;;;;; ضو  ; [sound:darija_163.mp3];
lma; water;Noun;lma lmiman;;;;;;; الما; [sound:darija_901.mp3];
telfaza; TV;Noun;telfazat;;;;;;; تلفازة  ; [sound:darija_165.mp3];
lbess; to wear to put on;Verb;;lbess;;;;;; لبس  ; [sound:darija_166.mp3];
cache-col; scarf;Noun;cache-colat;;;;;;; كاشكول  ; [sound:darija_167.mp3];
keswa; dress;Noun;keswat/ksawi;;;;;;; كسوة  ; [sound:darija_168.mp3];
monTo/manteau; coat;Noun;monToat/les manteaux;;;;;;; مونطو  ; [sound:darija_169.mp3];
serwal; pants;Noun;srawel;;;;;;; سروال  ; [sound:darija_170.mp3];
pyjama;pyjama;Noun;pyjamat;;;;;;;پيجامة; [sound:darija_171.mp3];
tekchiTa; moroccan dress for women;Noun;tekchiTat/tkacheT;;;;;;; تكشيطة  ; [sound:darija_172.mp3];
7eyyed; to take off get rid of;Verb;;7eyyed;;;;;; حيّد  ; [sound:darija_173.mp3];
Tagiya; beanie;Noun;Tagiyat;;;;;;; طاكيا  ; [sound:darija_174.mp3];
SenDala; sandals;Noun;SenDalat/SnaDel;;;;;;; صندالة  ; [sound:darija_175.mp3];
jellaba; djellaba;Noun;jellabat/jlaleb;;;;;;; جلابة  ; [sound:darija_176.mp3];
djakeTa; jacket;Noun;djakeTat;;;;;;; دجاكيطة; [sound:darija_177.mp3];
ghsel; to wash;Verb;;ghsel;;;;;; غسل  ; [sound:darija_178.mp3];
mse7; to wipe;Verb;;mse7;;;;;; مسح  ; [sound:darija_179.mp3];
wejjed; to prepare;Verb;;wejjed;;;;;; وجد  ; [sound:darija_180.mp3];
yedd; hand;Noun;yeddin;;;;;;; يد  ; [sound:darija_181.mp3];
rjel; foot;Noun;rjlin;;;;;;; رجل  ; [sound:darija_182.mp3];
9bel; before;;;;;;;;; قبل  ; [sound:darija_777.mp3];
men; of from;Preposition;;;;;;;; من  ; [sound:darija_184.mp3];
sebbaT; shoe;Noun;SbabeT;;;;;chrit juj Sbabet.;I bought two pairs of shoes.; صباط  ; [sound:darija_185.mp3];
Sle7; to iron;Verb;;Sle7;;;;;; صلح  ; [sound:darija_186.mp3];
9amija; shirt;Noun;9wamej/9amijat;;;;;;; قميجة  ; [sound:darija_187.mp3];
senna; tooth;Noun;snan;;;;;;; سنة  ; [sound:darija_188.mp3];
l9a; to find;Verb;;l9a;;;;;; لقى  ; [sound:darija_808.mp3];
tferrej; to watch;Verb;;tferrej;;;;;; تفرج  ; [sound:darija_900.mp3];
mur mura; after behind;;;;;;;;; مور  ; [sound:darija_192.mp3];
9eddam; in front of;;;;;;;;; قدام  ; [sound:darija_193.mp3];
ssi sidi; mister;Noun;syadi;;;;;;; سّي سيدي; [sound:darija_194.mp3];
lla lalla;" ma&#x27;am";;;;;;;;; لالة  ; [sound:darija_195.mp3];
ghalaT; mistake;Noun;aghlaT;;;;;;; غلط  ; [sound:darija_751.mp3];
ghleT; to make a mistake;Verb;;ghleT;;;;;; غلّط  ; [sound:darija_197.mp3];
bach; so that in order to;Conjunction;;;;;;;; باش  ; [sound:darija_807.mp3];
khaTa2 ghalaT;mistake error;Noun;akhTa2 aghlaT;;;;;;;خطأ غلط; [sound:darija_199.mp3];
tmenna; to wish;Verb;;tmenna;;;;;; تمنى  ; [sound:darija_200.mp3];
na9eS; missing;Adjective;;;na9Sa;na9Sin;na9Sat;ch7al men wa7ed na9eS? na9eSni chwiya dyal lefluss.;How many are missing? I am missing a bit of money.; ناقص  ; [sound:darija_201.mp3];
ghalaT khaTa2;wrong false;Adjective;;;;;;;; غلط خطأ; [sound:darija_921.mp3];
skhun; hot;Adjective;;;skhuna;skhan;skhunat;;; سخون  ; [sound:darija_203.mp3];
bared; cold;Adjective;;;barda;bardin;bardat;;; بارد  ; [sound:darija_787.mp3];
berd; cold (weather);Noun;berd;;;;;;; البرد  ; [sound:darija_205.mp3];
Sehd; hot (weather);Noun;Sehd;;;;;;; صهد  ; [sound:darija_206.mp3];
kif b7al;like;Particle;;;;;;;; كيف بحال; [sound:darija_207.mp3];
ghaliban; probably;Adverb;;;;;;;; غالباً  ; [sound:darija_208.mp3];
awwal; first;Adjective;;;;;;;; أول  ; [sound:darija_209.mp3];
tani; second;Adjective;;;;;;;; ثاني  ; [sound:darija_210.mp3];
talet; third;Adjective;;;;;;;; ثالث  ; [sound:darija_211.mp3];
rabe3; fourth;Adjective;;;;;;;; رابع  ; [sound:darija_212.mp3];
khames; fifth;Adjective;;;;;;;; خامس  ; [sound:darija_213.mp3];
sades; sixth;Adjective;;;;;;;; سادس  ; [sound:darija_214.mp3];
sabe3; seventh;Adjective;;;;;;;; سابع  ; [sound:darija_215.mp3];
tamen; eighth;Adjective;;;;;;;; ثامن  ; [sound:darija_216.mp3];
tase3; nineth;Adjective;;;;;;;; تاسع  ; [sound:darija_217.mp3];
3acher; tenth;Adjective;;;3achrat;3achrin;3achra;;; عاشر  ; [sound:darija_218.mp3];
dar; to do to make;Verb;;dir;;;;;; دار; [sound:darija_219.mp3];
Dar; to turn;Verb;;Dur;;;;;; ضار  ; [sound:darija_220.mp3];
nDaDer; glasses;Noun;nDaDer;;;;;;; نضاضر  ; [sound:darija_221.mp3];
pantofa; slippers;Noun;pantofat;;;;;;; بانطوفة  ; [sound:darija_222.mp3];
telmid; student;Noun;talamid;;;;;;; تلميذ  ; [sound:darija_223.mp3];
temrin; exercise;Noun;tamarin;;;;;;; تمرين  ; [sound:darija_224.mp3];
chreb; to drink;Verb;;chreb;;;;;; شرب  ; [sound:darija_225.mp3];
yawmiwyan; daily;Adverb;;;;;;;; يومياً  ; [sound:darija_226.mp3];
jra; to run;Verb;;jri;;;;;; جرى  ; [sound:darija_227.mp3];
bzzerba; quick quickly;;;;;;;;; بالزربة  ; [sound:darija_228.mp3];
bchwiya; slowly;;;;;;;;; بشوية  ; [sound:darija_229.mp3];
te9riban; approximately ;Adverb;;;;;;;; تقريباً  ; [sound:darija_230.mp3];
dewwech; to shower;Verb;;dewwech;;;;;; دوش  ; [sound:darija_231.mp3];
ttrina; to exercise;Verb;;ttrini;;;;;; ترينا  ; [sound:darija_232.mp3];
3jeb; to like;Verb;;3jeb;;;;;; عجب  ; [sound:darija_233.mp3];
Daruri; important definitely;;;;;;;;; ضروري  ; [sound:darija_234.mp3];
khfif; light;Adjective;;;khfifa;khfaf;khfafat;;; خفيف  ; [sound:darija_235.mp3];
sala; to finish to end;Verb;;sali;;;;;; سالى  ; [sound:darija_236.mp3];
9ra; to read to study;Verb;;9ra;;;;;; قرا  ; [sound:darija_863.mp3];
ktab; book;Noun;ktuba;;;;;;; كتاب  ; [sound:darija_780.mp3];
nneglizia; english;;;;;;;;; الإنجليزية  ; [sound:darija_239.mp3];
lalmaniya; german;;;;;;;;; الألمانية  ; [sound:darija_240.mp3];
lfranSawiya; french;;;;;;;;; الفرنسية  ; [sound:darija_241.mp3];
hna; here;Adverb;;;;;;;; هنا  ; [sound:darija_242.mp3];
temma; there;Adverb;;;;;;;; تما  ; [sound:darija_243.mp3];
weld; boy son;Noun;wlad;;;;;;; ولد  ; [sound:darija_244.mp3];
7it 7itach 7int; because;Conjunction;;;;;;;; حيت حيتاش حينت  ; [sound:darija_245.mp3];
medrasa; school;Noun;madaris/medrasa;;;;;;; مدرسة  ; [sound:darija_246.mp3];
bent; girl daughter;Noun;bnat;;;;;;; بنت  ; [sound:darija_247.mp3];
khDer; green;Adjective;;;kheDra;kheDrin;kheDrat;;; أخضر  ; [sound:darija_249.mp3];
3chiya;afternoon evening;Noun;3chiyat;;;;;;; عشية  ; [sound:darija_762.mp3];
3end; at (place) to have;Preposition;;;;;;;; عند  ; [sound:darija_811.mp3];
Sa7eb; friend;Noun;S7ab;;;;;;; صاحب  ; [sound:darija_252.mp3];
naD; to get up;Verb;;nuD;;;;;; ناض  ; [sound:darija_254.mp3];
Driyyef;nice kind;Adjective;;;Driyfa;Driyfin;Driyfat;;; درييف;[sound:darija_842.mp3];
chi 7aja; something;Pronoun;;;;;;;; شي حاجة  ; [sound:darija_256.mp3];
bnin; delicious;Adjective;;;bnina;bnan;bnanat;;; بنين  ; [sound:darija_257.mp3];
zit; oil;Noun;zit;;;;;;; زيت  ; [sound:darija_258.mp3];
7ameD; lemon;Noun;7ameD;;;;;;; حامض  ; [sound:darija_259.mp3];
mech; cat;Noun;mchach;;;;;;; مش  ; [sound:darija_260.mp3];
kelb; dog;Noun;klab;;;;;;; كلب  ; [sound:darija_261.mp3];
merra merra; from time to time;Adverb;;;;;;;; مرة مرة  ; [sound:darija_262.mp3];
akhir; last;Adjective;;;akhira;akhirin;akhirat;;; آخر  ; [sound:darija_263.mp3];
khdem; to work;Verb;;khdem;;;;;; خدم  ; [sound:darija_264.mp3];
khaTa2; mistake;Noun;akhTa2;;;;;;; خطأ  ; [sound:darija_752.mp3];
chher; month;Noun;chhura;;;;;;; شهر  ; [sound:darija_266.mp3];
d9i9a; minute;Noun;d9aye9;;;;;;; دقيقة  ; [sound:darija_267.mp3];
3emm; paternal uncle;Noun;3mam;;;;;;; عم  ; [sound:darija_268.mp3];
3am; to swim;Verb;;3um;;;;;; عام  ; [sound:darija_269.mp3];
lil; night;Noun;layali;;;;;;; ليل  ; [sound:darija_270.mp3];
caskiTa; cap;Noun;caskiTat;;;;;;; كاسكيطة  ; [sound:darija_271.mp3];
men be3d;then afterwards later;;;;;;;;; من بعد  ; [sound:darija_272.mp3];
sberdila; running shoes;Noun;sberdilat;;;;;;; سبرديلة  ; [sound:darija_273.mp3];
tsenna; to wait;Verb;;tsenna;;;;;; تسنى  ; [sound:darija_274.mp3];
ma 3mmer; never;Adverb;;;;;;;; ما عمر  ; [sound:darija_275.mp3];
3emmer; to fill;Verb;;3emmer;;;;;; عمر  ; [sound:darija_276.mp3];
khwa; to empty;Verb;;khwi;;;;;; خوى  ; [sound:darija_277.mp3];
Sabuna; soap;Noun;Sabun;;;;;;; صابونة  ; [sound:darija_278.mp3];
zayed; too many;Adjective;;;zayda;zaydin;zaydat;;; زايد  ; [sound:darija_279.mp3];
3Tech; thirst;Noun;3Tech;;;;;;; عطش  ; [sound:darija_280.mp3];
jju3; hunger;Noun;jju3;;;;;;; جوع  ; [sound:darija_281.mp3];
fiya le3Tech; I am thirsty;;;;;;;;; فيا العطش  ; [sound:darija_282.mp3];
skhuniya; heat;Noun;skhuniya;;;;;;; سخونية  ; [sound:darija_283.mp3];
zeghba;hair (body);Noun;zgheb;;;;;;;زغبة; [sound:darija_284.mp3];
awwalan; at first;;;;;;;;; أولاً  ; [sound:darija_285.mp3];
tani/3awttani; again;;;;;;;;; ثاني عاوتاني  ; [sound:darija_286.mp3];
muhim; important;Adjective;;;muhima;muhimin;muhimat;;; مهم  ; [sound:darija_287.mp3];
l3erbiya; arabic;;;;;;;;; العربية  ; [sound:darija_288.mp3];
chchel7a l2amazighiya;berber amazigh;;;;;;;;; الشلحة الأمازيغية  ; [sound:darija_289.mp3];
ssbelyuniya; spanish;;;;;;;;; الإسبانية  ; [sound:darija_290.mp3];
chnu; what;;;;;;;;; شنو  ; [sound:darija_291.mp3];
3eyyeT; call;Verb;;3eyyeT;;;;;; عيط  ; [sound:darija_292.mp3];
sewwel; ask;Verb;;sewwel;;;;;; سول  ; [sound:darija_293.mp3];
yak; right;;;;;;;;; يٰك; [sound:darija_294.mp3];
riyada sport; sport;Noun;riyadat sport;;;;;;;رياضة سبور; [sound:darija_295.mp3];
tmechcha; to walk;Verb;;tmechcha;;;;;; تمشى  ; [sound:darija_296.mp3];
gles; to sit;Verb;;gles;;;;;; جلس  ; [sound:darija_297.mp3];
w9ef; to stand up;Verb;;w9ef;;;;;; وقف  ; [sound:darija_878.mp3];
ttekka; to lie down;Verb;;ttekka;;;;;; تكّى  ; [sound:darija_299.mp3];
we9t; time;Noun;aw9at;;;;;;; وقت  ; [sound:darija_300.mp3];
duch; shower;Noun;duchat;;;;;;; دوش  ; [sound:darija_301.mp3]  ;
7iSSa; session lesson;Noun;7iSaS;;;;;;; حصة  ; [sound:darija_302.mp3]  ;
smiya; name;Noun;smiyat;;;;;;; سمية  ; [sound:darija_303.mp3]  ;
lmeghrib; morocco;;;;;;;;; المغرب  ; [sound:darija_304.mp3]  ;
almaniya; germany;;;;;;;;; ألمانيا  ; [sound:darija_305.mp3]  ;
fransa; france;;;;;;;;; فرنسا  ; [sound:darija_306.mp3]  ;
nnegliz; england;;;;;;;;; إنجلترا  ; [sound:darija_307.mp3]  ;
mirikan; the US;;;;;;;;; أمريكا  ; [sound:darija_308.mp3]  ;
Talib; student (university);Noun;Tullab/Talaba;;;;;;; طالب  ; [sound:darija_309.mp3]  ;
jami3a université; university;Noun;jami3at les universités;;;;;;;جامعة  ; [sound:darija_310.mp3]  ;
hDer; to talk;Verb;;hDer;;;;;; حضر  ; [sound:darija_311.mp3]  ;
nishan/dirikt; straight ahead directly;Adverb;;;;;;;; نيشان / ديريكت  ; [sound:darija_312.mp3]  ;
bin; between;Preposition;;;;;;;; بين  ; [sound:darija_313.mp3]  ;
mektaba; library ;Noun;mektabat;;;;;;; مكتبة  ; [sound:darija_314.mp3]  ;
wlla; or;Conjunction;;;;;;;;ولا; [sound:darija_850.mp3];
wella; to become;Verb;;welli;;;;;; ولا  ; [sound:darija_316.mp3]  ;
imma + wella; either + or;;;;;;;;; إما + ولا  ; [sound:darija_317.mp3]  ;
kla; to eat;Verb;;yakel;;;;;; كلا  ; [sound:darija_318.mp3]  ;
dewwez; to pass;Verb;;dewwez;;;;;; دوز  ; [sound:darija_319.mp3]  ;
beslama; bye;;;;;;;;; بسلامة  ; [sound:darija_320.mp3]  ;
7etta; until as well also even;Preposition;;;;;;;; حتى  ; [sound:darija_768.mp3];
lli; that;Conjunction;;;;;;;; اللي  ; [sound:darija_322.mp3]  ;
kimma kifma; as;;;;;;;;; كما  ; [sound:darija_323.mp3]  ;
3ref; to know;Verb;;3ref;;;;;; عرف  ; [sound:darija_324.mp3]  ;
3lach; why;;;;;;;;; علاش  ; [sound:darija_911.mp3];
fat; passed;;;;;;;;; فات  ; [sound:darija_326.mp3]  ;
hada;this (masc);Pronoun;;;;;;;; هذا  ; [sound:darija_327.mp3]  ;
hadi; this (fem);Pronoun;;;;;;;; هذه  ; [sound:darija_328.mp3]  ;
hadu; these;Pronoun;;;;;;;; هادو  ; [sound:darija_329.mp3]  ;
haduk duk; those;Pronoun;;;;;;;; هادوك دوك  ; [sound:darija_330.mp3]  ;
hadik dik; that (fem);Pronoun;;;;;;;; هاديك ديك  ; [sound:darija_331.mp3]  ;
hadak dak; that (masc);Pronoun;;;;;;;; هداك داك  ; [sound:darija_332.mp3]  ;
hakka hakda; like this this way;Pronoun;;;;;;;; هكا هكدا  ; [sound:darija_333.mp3]  ;
bit n3as;bedroom;Noun;byuta t n3as;;;;;;;بيت النعاس; [sound:darija_334.mp3]  ;
dentifrice; toothpaste;Noun;dentifrice;;;;;;; دونتيفريس  ; [sound:darija_335.mp3]  ;
marka; brand;Noun;markat;;;;;;; ماركة  ; [sound:darija_336.mp3]  ;
la peau jelda; skin;Noun;les peaux/jluda;;;;;;;جلدة/لاپو  ; [sound:darija_337.mp3]  ;
safi; that's it alright;Adjective;;;;;;;; صافي  ; [sound:darija_338.mp3]  ;
daz; to proceed;Verb;;duz;;;;;; داز  ; [sound:darija_339.mp3]  ;
kuzina; kitchen;Noun;kuzinat;;;;;;; كوزينة  ; [sound:darija_340.mp3]  ;
tellaja; fridge;Noun;tellajat;;;;;;; تلاجة  ; [sound:darija_341.mp3]  ;
frmaj; cheese;Noun;frmaj;;;;;;; فرماج  ; [sound:darija_342.mp3]  ;
iwa ewa; so;;;;;;;;; إيوا  ; [sound:darija_343.mp3]  ;
walu; nothing;;;;;;;;; والو  ; [sound:darija_344.mp3]  ;
chra; to buy;Verb;;chri;;;;;; شرى  ; [sound:darija_345.mp3]  ;
ba3; to sell;Verb;;bi3;;;;;; باع  ; [sound:darija_346.mp3]  ;
kayn; to be there is;Adjective;;;kayna;kaynin;kaynat;;; كاين  ; [sound:darija_347.mp3]  ;
garro; cigarette;Noun;garroat/gwarro;;;;;;; ڭارو  ; [sound:darija_348.mp3]  ;
9ehwi;brown;Adjective;;;9ehwiya;9ehwiyin;9ehwiyat;;;قهوي; [sound:darija_349.mp3]  ;
khu; brother;Noun;ikhwan/khut;;;;;;; خو  ; [sound:darija_350.mp3]  ;
Tobis; bus;Noun;Tobisat;;;;;;; طوبيس  ; [sound:darija_351.mp3]  ;
kulchi; everything everyone;;;;;;;;; كلشي  ; [sound:darija_352.mp3]  ;
rkeb; get on get in;;;;;;;;; ركب  ; [sound:darija_353.mp3]  ;
tran; train;Noun;tranat;;;;;;; تران  ; [sound:darija_354.mp3]  ;
pikala bchkliTa; bike;Noun;pikalat bchkliTat;;;;;;; بيكالة بشكليطة  ; [sound:darija_355.mp3]  ;
moTor; motorbike;Noun;moTorat;;;;;;; موطور  ; [sound:darija_356.mp3]  ;
Tiyyara; plane;Noun;Tiyyarat;;;;;;; طيارة  ; [sound:darija_357.mp3]  ;
l; to for;;;;;;;;; لِـ  ; [sound:darija_358.mp3]  ;
sme3; to hear to listen;Verb;;sme3;;;;;; سمع  ; [sound:darija_359.mp3]  ;
tsenneT; to listen;Verb;;tsenneT;;;;;; تصنّت  ; [sound:darija_360.mp3]  ;
jjay; coming next;;;;;;;;; جاي  ; [sound:darija_361.mp3]  ;
Sghir;small little young;Adjective;;;Sghira;Sghar;Sgharat;;; صغير  ; [sound:darija_753.mp3];
kbir;Big Old;Adjective;;;kbir;kbar;kbarat;;; كبير  ; [sound:darija_779.mp3];
kamel;all of something whole complete;Adjective;;;kamla;kamlin;kamlat;;; كامل  ; [sound:darija_364.mp3]  ;
men 9bel; before;;;;;;;;; من قبل  ; [sound:darija_365.mp3]  ;
tfekker; to remember;Verb;;tfekker;;;;;; تفكر  ; [sound:darija_366.mp3]  ;
fekker; to think;Verb;;fekker;;;;;; فكر  ; [sound:darija_367.mp3]  ;
39el; to memorise to remember;Verb;;39el;;;;;; عقل  ; [sound:darija_368.mp3]  ;
blaSa; place;Noun;blaSat;;;;;;; بلاصة  ; [sound:darija_369.mp3]  ;
7etta blaSa 7etta fin; nowhere;;;;;;;;; حتى بلاصة حتى فين  ; [sound:darija_370.mp3]  ;
frach srir; bed;Noun;frachat srirat;;;;;;; فراش سرير  ; [sound:darija_371.mp3]  ;
kemmel; continue/finish;Verb;;kemmel;;;;;; كمل  ; [sound:darija_372.mp3]  ;
sahel; easy;Adjective;;;sahla;sahlin;sahlat;;; ساهل  ; [sound:darija_373.mp3]  ;
s3ib; hard;Adjective;;;s3iba;s3ab;s3abat;;; صعيب  ; [sound:darija_374.mp3]  ;
bin u bin; not too much not too little;;;;;;;;; بين و بين  ; [sound:darija_376.mp3]  ;
terjama; translation;Noun;terjamat;;;;;;; ترجمة  ; [sound:darija_377.mp3]  ;
mechghul; busy;Adjective;;;mechghula;mechghulin;mechghulat;;; مشغول  ; [sound:darija_378.mp3]  ;
chi be3d lmerrat; sometimes;;;;;;;;; شي بعض المرات  ; [sound:darija_379.mp3]  ;
dima; always;;;;;;;;; ديما  ; [sound:darija_769.mp3];
meghribi;moroccan;Adjective;;;meghribiya;meghribiyin;meghribiyat;;; مغربي  ; [sound:darija_381.mp3]  ;
ghda; lunch;Noun;ghdawat;;;;;;; غدا; [sound:darija_382.mp3]  ;
3cha; dinner;Noun;3chawat;;;;;;; عشا; [sound:darija_383.mp3]  ;
ftur; breakfast;Noun;fturat;;;;;;; فطور  ; [sound:darija_384.mp3]  ;
bezzaf tel merrat; often;;;;;;;;; بزاف من المرات  ; [sound:darija_385.mp3]  ;
jar; neighbor;Noun;jiran;;;;;;; جار  ; [sound:darija_386.mp3]  ;
atay; tea;Noun;atay;;;;;;; أتاي  ; [sound:darija_387.mp3]  ;
kseksu; couscous;Noun;kseksu;;;;;;; كسكسو  ; [sound:darija_388.mp3]  ;
Dif; guest;Noun;Dyaf;;;;;;; ضيف  ; [sound:darija_389.mp3]  ;
mul ddar; host home owner;Noun;malin ddar;;;;;;; مول الدار  ; [sound:darija_390.mp3]  ;
la piscine; swimming pool;Noun;les piscines;;;;;;; لاپيسين  ; [sound:darija_391.mp3]  ;
3awen; to help;Verb;;3awen;;;;;; عاون  ; [sound:darija_813.mp3];
b7er; sea;Noun;b7ura;;;;;;; بحر  ; [sound:darija_393.mp3]  ;
la plage; beach;Noun;les plages;;;;;;; لاپلاج  ; [sound:darija_394.mp3]  ;
3awd;horse;Noun;3iwdan;;;;;;; عود  ; [sound:darija_814.mp3];
3awed; to do something again to repeat to tell (a story);Verb;;3awed;;;;;; عاود  ; [sound:darija_893.mp3];
raje3; to revise;Adjective;;;raj3a;raj3in;raj3at;;; راجع  ; [sound:darija_397.mp3]  ;
muchkil; problem;Noun;machakil;;;;;;; مشكل  ; [sound:darija_398.mp3]  ;
7ell; to open;Verb;;7ell;;;;;; حل  ; [sound:darija_399.mp3]  ;
sedd; close;Verb;;sedd;;;;;; سد  ; [sound:darija_400.mp3]  ;
bu7di; by myself me alone;;;;;;;;; بوحدي  ; [sound:darija_401.mp3]  ;
la fac; faculty;Noun;les facs;;;;;;; لافاك  ; [sound:darija_402.mp3]  ;
kas; glass;Noun;kisan;;;;;;; كاس  ; [sound:darija_403.mp3]  ;
tla9a; meet;Verb;;tla9a;;;;;; تلاقى  ; [sound:darija_404.mp3]  ;
7uta; fish;Noun;7ut;;;;;;; حوتة  ; [sound:darija_405.mp3]  ;
kma; to smoke;Verb;;kmi;;;;mab9itch kankmi.;I don't smoke anymore.; كمى  ; [sound:darija_406.mp3]  ;
walakin; but;;;;;;;;; ولكن  ; [sound:darija_407.mp3]  ;
ma b9ach; to not do something anymore;;;;;;;;; ما بقا ش  ; [sound:darija_408.mp3]  ;
sken; to live;Verb;;sken;;;;;; سكن  ; [sound:darija_409.mp3]  ;
t3ellem; to learn;Verb;;t3ellem;;;;;; تعلم  ; [sound:darija_410.mp3]  ;
l3arabiya lfuS7a; classical arabic;;;;;;;;; العربية الفصحى  ; [sound:darija_411.mp3]  ;
9erra; to teach;Verb;;9erri;;;;;; قرى  ; [sound:darija_412.mp3]  ;
ders; lesson;Noun;durus;;;;;;; درس  ; [sound:darija_413.mp3]  ;
ustad; teacher;Noun;asatida;;;;;;; أستاذ  ; [sound:darija_414.mp3]  ;
mu3llim; teacher (primary school);Noun;mu3llimin;;;;;;; معلم  ; [sound:darija_415.mp3]  ;
miSri;egyptian;Adjective;;;miSriya;miSriyin;miSriat;;; مصري  ; [sound:darija_416.mp3]  ;
miSer; egypt;;;;;;;;; مصر  ; [sound:darija_417.mp3]  ;
jinsiya;citizenship nationality;Noun;jinsiyat;;;;;;; جنسية  ; [sound:darija_418.mp3]  ;
l3eb; to play;Verb;;l3eb;;;;;; لعب  ; [sound:darija_419.mp3]  ;
la salle; gym;Noun;les salles;;;;;;; صال; [sound:darija_420.mp3]  ;
safer; to travel;Verb;;safer;;;;;; سافر  ; [sound:darija_421.mp3]  ;
t3eTTel; to be late;Verb;;t3TTel;;;;;; تعطل  ; [sound:darija_422.mp3]  ;
belli; that;;;;;;;;; بلي  ; [sound:darija_423.mp3]  ;
gal; to say;Verb;;gul;;;;;; قال  ; [sound:darija_892.mp3];
zen9a; street;Noun;zna9i;;;;;;; زنقة  ; [sound:darija_425.mp3]  ;
chanTi; road;Noun;chanTiat;;;;;;; شانطي  ; [sound:darija_426.mp3]  ;
2akhbar; news;Noun;2akhbar;;;;;;;أخبار  ; [sound:darija_427.mp3]  ;
ja; to come;Verb;;ji;;;;;; جا  ; [sound:darija_788.mp3];
baraka; enough;;;;;;;;; باركة  ; [sound:darija_429.mp3]  ;
hedra; talk speaking;Noun;hedra;;;;;;; هدرة  ; [sound:darija_430.mp3]  ;
3adi; normal;Adjective;;;3adiya;3adiyin;3adiyat;;; عادي  ; [sound:darija_431.mp3]  ;
chbe3; to be full (from eating);Verb;;chbe3;;;;;;شبع; [sound:darija_432.mp3]  ;
ina; what which;;;;;;;;; أي/أشنو  ; [sound:darija_910.mp3];
mu2ekhkharan; lately recently;;;;;;;;; مؤخراً  ; [sound:darija_434.mp3]  ;
lu3ba; game;Noun;al3ab;;;;;;; لعبة  ; [sound:darija_435.mp3]  ;
bda; to start to begin;Verb;;bda;;;;;; بدا  ; [sound:darija_876.mp3];
zwin; nice beautiful;Adjective;;;zwina;zwinin;zwinat;;; زوين  ; [sound:darija_437.mp3]  ;
ras; head self;Noun;ryus;;;;;;; راس  ; [sound:darija_438.mp3]  ;
ne3na3; mint;Noun;ne3na3;;;;;;; نعناع  ; [sound:darija_439.mp3]  ;
7el9a; episode;Noun;7ela9at/7la9i;;;;;;; حلقة  ; [sound:darija_440.mp3]  ;
kifach; how;;;;;;;;; كيفاش؟  ; [sound:darija_815.mp3];
wSel; to arrive;Verb;;wSel;;;;;; وصل  ; [sound:darija_442.mp3]  ;
fhem; to understand;Verb;;fhem;;;;;; فهم  ; [sound:darija_443.mp3]  ;
Dreb; to hit;Verb;;Dreb;;;;;; ضرب  ; [sound:darija_444.mp3]  ;
jdid; new;Adjective;;;jdida;jdad;jdadat;;; جديد  ; [sound:darija_836.mp3];
9dim; old;Adjective;;;9dima;9dam;9dimat;;; قديم  ; [sound:darija_846.mp3];
3adatan; usually;;;;;;;;; عادةً  ; [sound:darija_447.mp3]  ;
lli fat lli daz; last past;;;;;;;;; اللي فات  ; [sound:darija_449.mp3]  ;
lli jay; coming next;;;;;;;;; اللي جاي  ; [sound:darija_450.mp3]  ;
tmma tmmak lhih; there;;;;;;;;; تما تمّاك لهيه  ; [sound:darija_451.mp3]  ;
dda; to take;Verb;;ddi;;;;;; دا  ; [sound:darija_452.mp3]  ;
dkhel; to enter;Verb;;dkhel;;;;;; دخل  ; [sound:darija_453.mp3]  ;
Twil; long tall;Adjective;;;Twila;Twal;Twalat;;; طويل  ; [sound:darija_454.mp3]  ;
9Sir; short;Adjective;;;9Sira;9Sar;9Sarat;;; قصير  ; [sound:darija_455.mp3]  ;
yallah; let's go just (time);;;;;;;Yallah wSelt.;I just arrived.; يالله  ; [sound:darija_456.mp3]  ;
Salun; living room;Noun;Salunat;;;;;;; صالون  ; [sound:darija_457.mp3]  ;
neS llil; midnight;;;;;;;;; نصف الليل  ; [sound:darija_458.mp3]  ;
chkun; who;;;;;;;;; شكون; [sound:darija_459.mp3]  ;
bit; room;Noun;byuta;;;;;;; بيت  ; [sound:darija_460.mp3]  ;
Sifet; send;Verb;;Sifet;;;;;; صيفط  ; [sound:darija_461.mp3]  ;
cadeau; gift;Noun;cadeauat;;;;;;; كادو  ; [sound:darija_462.mp3]  ;
7ayawan; animal;Noun;7ayawanat;;;;;;; حيوان  ; [sound:darija_463.mp3]  ;
bnadem; human;Noun;bnadem;;;;;;; بنادم  ; [sound:darija_464.mp3]  ;
mma3en; dishes;Noun;mma3en;;;;;;; مواعن  ; [sound:darija_465.mp3]  ;
ughniya; song;Noun;aghani;;;;;;; أغنية  ; [sound:darija_466.mp3]  ;
bddel; to change;;;bddel;;;;;; بدل  ; [sound:darija_467.mp3]  ;
mejmu3in; together;;;;;;;;; مجموعين  ; [sound:darija_468.mp3]  ;
kra; to rent;Verb;;kri;;;;;; كرى  ; [sound:darija_469.mp3]  ;
ndem; to regret;Verb;;ndem;;;;;; ندم  ; [sound:darija_470.mp3]  ;
khaf; to be scared to be afraid;Verb;;khaf;;;;;; خاف  ; [sound:darija_471.mp3]  ;
bat; to spend the night;Verb;;bat;;;;;; بات  ; [sound:darija_472.mp3]  ;
serbita; napkin;Noun;serbitat;;;;;;; سربيتة  ; [sound:darija_473.mp3]  ;
seri; series;;;;;;;;; سيري  ; [sound:darija_474.mp3]  ;
m3il9a; spoon;Noun;m3il9at;;;;;;; معلقة  ; [sound:darija_475.mp3]  ;
mus; knife;Noun;mmas;;;;;;; موس  ; [sound:darija_476.mp3]  ;
forcheTa; fork;Noun;forcheTat;;;;;;; فورشيطة  ; [sound:darija_477.mp3]  ;
sella chebka; net basket;Noun;sellat chebkat;;;;;;; سلة شبكة  ; [sound:darija_478.mp3]  ;
confiture; jam;Noun;confiture;;;;;;; كونفيتور  ; [sound:darija_479.mp3]  ;
biDa; egg;Noun;biD;;;;;;; بيضة  ; [sound:darija_480.mp3]  ;
banana; banana;Noun;banan;;;;;;; بانانة  ; [sound:darija_481.mp3]  ;
k7el; black;Adjective;;;ke7la;ke7lin;ke7lat;;; كحل  ; [sound:darija_482.mp3]  ;
byed; white;Adjective;;;bida;bidin;bidat;;; بيض  ; [sound:darija_483.mp3]  ;
b3id; far;Adjective;;;b3ida;b3ad;b3adat;;; بعيد  ; [sound:darija_484.mp3]  ;
9rib; close near;Adjective;;;9riba;9rab;9rabat;;; قريب  ; [sound:darija_485.mp3]  ;
Sfer; yellow;Adjective;;;Sefra;Sefrin;Sefrat;;; أصفر  ; [sound:darija_486.mp3]  ;
7mer; red;Adjective;;;7emra;7emrin;7emrat;;; أحمر  ; [sound:darija_487.mp3]  ;
zre9; blue;Adjective;;;zer9a;zer9in;zer9at;;; أزرق  ; [sound:darija_488.mp3]  ;
gri; gray;Adjective;;;gri;gri;gri;;; رمادي  ; [sound:darija_489.mp3]  ;
fanidi rose; pink;Adjective;;;fanidiya;fanidiyin;fanidiyat;;; وردي فانيذي  ; [sound:darija_490.mp3]  ;
cheklaT; chocolate;Noun;cheklaT;;;;;;; شكلاط  ; [sound:darija_491.mp3]  ;
berra; outside;;;;;;;;; برا  ; [sound:darija_852.mp3];
ldakhel; inside;Noun;ldakhel;;;;;;; الداخل  ; [sound:darija_493.mp3]  ;
fem; mouth;Noun;ffam;;;;;;; فم  ; [sound:darija_494.mp3]  ;
wden; ear;Noun;wednin;;;;;;; ودن  ; [sound:darija_495.mp3]  ;
3in; eye;Noun;3inin;;;;;;; عين  ; [sound:darija_496.mp3]  ;
kteb; to write;Verb;;kteb;;;;;; كتب  ; [sound:darija_497.mp3]  ;
bayen; clear obvious Apparent;Adjective;;;bayna;baynin;baynat;;; باين  ; [sound:darija_498.mp3]  ;
ghaba; forest;Noun;ghabat;;;;;;; غابة  ; [sound:darija_499.mp3]  ;
weekend; week-end;Noun;weekendat;;;;;;; ويكاند  ; [sound:darija_500.mp3]  ;
kerch; belly;Noun;krucha;;;;;;; كرش  ; [sound:darija_502.mp3]  ;
sder; chest;Noun;sdura;;;;;;; سدر  ; [sound:darija_503.mp3]  ;
ktef; shoulder;Noun;ktaf;;;;;;; كتف  ; [sound:darija_504.mp3]  ;
nif; nose;Noun;nyufa;;;;;;; نيف  ; [sound:darija_505.mp3]  ;
7ajeb; eyebrow;Noun;7ejban;;;;;;; حاجب  ; [sound:darija_506.mp3]  ;
le7ya; beard;Noun;l7aya;;;;;;; لحية  ; [sound:darija_507.mp3]  ;
3en9; neck;Noun;3na9;;;;;;; عنق  ; [sound:darija_508.mp3]  ;
rkba; knee;Noun;rkabi;;;;;;; ركبة  ; [sound:darija_509.mp3]  ;
fkheD; thigh;Noun;fkhaD;;;;;;; فخض  ; [sound:darija_510.mp3]  ;
Sbe3; lion;Noun;Sba3;;;;;;; سبع  ; [sound:darija_511.mp3]  ;
dra3; arm;Noun;dra3at;;;;;;; دراع  ; [sound:darija_512.mp3]  ;
Dher; back;Noun;Dhura;;;;;;; ظهر  ; [sound:darija_513.mp3]  ;
bellati; wait;;;;;;;;; باللاتي  ; [sound:darija_514.mp3]  ;
Derr; to hurt;;;Derr;;;;;; ضر  ; [sound:darija_515.mp3]  ;
mdina; city;Noun;mudun;;;;;;; مدينة  ; [sound:darija_516.mp3]  ;
blad; country;Noun;buldan;;;;;;; بلاد  ; [sound:darija_517.mp3]  ;
lay3awen; bye;;;;;;;;; الله يعاون  ; [sound:darija_518.mp3]  ;
dakchi 3lach;" that&#x27;s why";;;;;;;;; داكشي علاش  ; [sound:darija_519.mp3]  ;
ghi ghir; just;;;;;;;;; غير  ; [sound:darija_520.mp3]  ;
7etta 7aja; not a thing nothing;;;;;;;;; حتى حاجة  ; [sound:darija_521.mp3]  ;
7etta wa7ed; not one person no one;;;;;;;;; حتى واحد  ; [sound:darija_522.mp3]  ;
chedd; to grab to take;Verb;;chedd;;;;cheddu chcheffar. cheddina TTobis.;They caught the thief. We took the bus.;شد; [sound:darija_523.mp3]  ;
khayeb; bad ugly;Adjective;;;khayba;khaybin;khaybat;;; خايب  ; [sound:darija_524.mp3]  ;
wekkel; to feed;Verb;;wekkel;;;;khaSni nwkkel wladi.;I need/must feed my children.; وكل  ; [sound:darija_525.mp3]  ;
Safar; trip;Noun;aSfar;;;;;;; صفر  ; [sound:darija_526.mp3]  ;
sa3tayen; two hours;;;;;;;;; ساعتين  ; [sound:darija_527.mp3]  ;
anTrima/anTrinma; work out;Noun;anTrimat/anTrinmat;;;;;;;أنطرينما  ; [sound:darija_528.mp3]  ;
illa men ghir; except;;;;;;;;; إلا من غير  ; [sound:darija_529.mp3]  ;
sir; go!;;;;;;;;; سير  ; [sound:darija_530.mp3]  ;
sbiTar; hospital;Noun;sbiTarat;;;;;;; سبيطار  ; [sound:darija_531.mp3]  ;
lay chafik; get well soon;;;;;;;;; الله يشافيك  ; [sound:darija_532.mp3]  ;
ki b9a; how is he;;;;;;;;; كي بقى; [sound:darija_533.mp3]  ;
3iyyan; tired;Adjective;;;3iyyana;3iyyanin;3iyyanat;;; عيان  ; [sound:darija_534.mp3]  ;
rajel;man husband;Noun;rjal;;;;;;;راجل; [sound:darija_535.mp3]  ;
7anut;shop;Noun;7wanet;;;;;;;حانوت; [sound:darija_536.mp3]  ;
sarut; key;Noun;swaret;;;;;;; سَارُوت  ; [sound:darija_537.mp3]  ;
bab; door;Noun;biban;;;;;;; باب  ; [sound:darija_538.mp3]  ;
kursi; chair;Noun;krasa;;;;;;; كرسي  ; [sound:darija_539.mp3]  ;
zerbiya; carpet;Noun;zrabi;;;;;;; زربية  ; [sound:darija_540.mp3]  ;
magana; watch;Noun;maganat;;;;;;; مگانة  ; [sound:darija_541.mp3]  ;
jib; pocket;Noun;jyub;;;;;;; جيب  ; [sound:darija_542.mp3]  ;
chkara; backpack;Noun;chkarat;;;;;;; شكارة  ; [sound:darija_543.mp3]  ;
rkhiS; cheap;Adjective;;;rkhiSa;rkhaS;rkhaSat;;; رخيص  ; [sound:darija_544.mp3]  ;
ghali; expensive;Adjective;;;ghalya;ghalyin;ghalyat;;; غالي  ; [sound:darija_545.mp3]  ;
me7lul; opened;Adjective;;;me7lula;me7lulin;me7lulat;;; محلول  ; [sound:darija_546.mp3]  ;
mesdud; closed;Adjective;;;mesduda;mesdudin;mesdudat;;; مسدود  ; [sound:darija_547.mp3]  ;
t9il; heavy;Adjective;;;t9ila;t9al;t9alat;;; ثقيل  ; [sound:darija_548.mp3]  ;
ntuma; you (plural);;;;;;;;; نتما  ; [sound:darija_549.mp3]  ;
huma; they;;;;;;;;; هما  ; [sound:darija_550.mp3]  ;
lugha; language;Noun;lughat;;;;;;; لغة  ; [sound:darija_551.mp3]  ;
biru; desk office;Noun;biruat;;;;;;; بيرو  ; [sound:darija_552.mp3]  ;
ktir; many numerous;Adjective;;;ktira;ktar;ktarat;;; كثير  ; [sound:darija_553.mp3]  ;
9lil; little few;Adjective;;;9lila;9lal;9lalat;;; قليل  ; [sound:darija_554.mp3]  ;
fermli;nurse;Noun;framlia;;;;;;; فرملي  ; [sound:darija_555.mp3]  ;
bulisi; police office;Noun;bulis;;;;;;; بوليسي  ; [sound:darija_556.mp3]  ;
karTa; card games;Noun;karTat;;;;;;; كَارْطَة  ; [sound:darija_557.mp3]  ;
9er3a; bottle;Noun;9ra3i;;;;;;; قرعة  ; [sound:darija_558.mp3]  ;
wach; if whether;;;;;;;;; واش  ; [sound:darija_559.mp3]  ;
we9temma;whenever anytime;;;;;;;;; وقتما  ; [sound:darija_560.mp3]  ;
wakha; although ok agreed;;;;;;;;; واخا  ; [sound:darija_561.mp3]  ;
men be3demma; after;;;;;;;;; من بعد ما  ; [sound:darija_562.mp3]  ;
bla; without;;;;;;;;; بلا  ; [sound:darija_563.mp3]  ;
finemma; wherever;;;;;;;;; فينما  ; [sound:darija_564.mp3]  ;
3ad; and then gerade;;;;;;;;; عاد  ; [sound:darija_565.mp3]  ;
ste3mel; to use;Verb;;ste3mel;;;;Ina shampoing kantst3mli?;What shampoo do you use?; ستعمل  ; [sound:darija_566.mp3]  ;
feDDel; to prefer;Verb;;feDDel;;;;KanfDDel nn3es f biti.;I prefer to sleep in my room.; فضل  ; [sound:darija_567.mp3]  ;
kheddem; make something work;Verb;;kheddem;;;;Kat3rf tkhddem ttelfaza?;Do you know how to make the TV work?; خدم  ; [sound:darija_568.mp3]  ;
lach; for what reason;;;;;;;;; علاش  ; [sound:darija_569.mp3]  ;
men imta; since when;;;;;;;;; من إمتى; [sound:darija_570.mp3]  ;
dyal men; whose;;;;;;;;; ديال من; [sound:darija_571.mp3]  ;
lemmen; to whom;;;;;;;;; لمن; [sound:darija_572.mp3]  ;
khechba; wood;Noun;khcheb;;;;;;; خشبة; [sound:darija_573.mp3]  ;
7dida; iron;Noun;7did;;;;;;;حديدة; [sound:darija_574.mp3]  ;
plastika; plastic;Noun;plastika;;;;;;; بلاستيكة  ; [sound:darija_575.mp3]  ;
jaja; glass;Noun;jaj/jajat;;;;;;; جاج  ; [sound:darija_576.mp3]  ;
deftar; notebook;Noun;dfater;;;;;;; دفتر  ; [sound:darija_577.mp3]  ;
bola; lightbulb;Noun;bolat;;;;;;; بولة  ; [sound:darija_578.mp3]  ;
7iT; wall;Noun;7yuta;;;;;;; حيط  ; [sound:darija_579.mp3]  ;
deS; floor;Noun;dSuSa;;;;;;; دص  ; [sound:darija_580.mp3]  ;
erd; earth ground;Noun;aradi;;;;;;;أرض  ; [sound:darija_581.mp3]  ;
fjer; dawn;Noun;fjer;;;;;;;فجر  ; [sound:darija_582.mp3]  ;
wer9a; paper;Noun;wra9;;;;;;; ورقة  ; [sound:darija_583.mp3]  ;
monada; soda;Noun;monadat;;;;;;; مونادة  ; [sound:darija_584.mp3]  ;
7da; next to;;;;;;;;; حداه  ; [sound:darija_585.mp3]  ;
stilu; pen;Noun;stiluat;;;;;;; ستيلو  ; [sound:darija_586.mp3]  ;
9alam; pencil;Noun;a9lam;;;;;;; قلم  ; [sound:darija_587.mp3]  ;
misTara; ruler;Noun;misTarat;;;;;;; مسطرة  ; [sound:darija_588.mp3]  ;
guma; eraser;Noun;gumat;;;;;;; گومة  ; [sound:darija_589.mp3]  ;
fer7an; happy;Adjective;;;fer7ana;fer7anin;fer7anat;;; فرحان  ; [sound:darija_590.mp3]  ;
7azin; sad;Adjective;;;7azina;7azinin;7azinat;;; حزين  ; [sound:darija_591.mp3]  ;
m9elle9; upset worried;Adjective;;;m9ell9a;m9ell9in;m9ell9at;;; مقلق  ; [sound:darija_592.mp3]  ;
Sac; bag;Noun;Sikan;;;;;;; صاك  ; [sound:darija_593.mp3]  ;
sekkar; sugar;Noun;skaker;;;;;;; سكر  ; [sound:darija_594.mp3]  ;
bzar; pepper;Noun;bzar;;;;;;;بزار  ; [sound:darija_595.mp3]  ;
placar; closet;Noun;placarat;;;;;;; بلاكار  ; [sound:darija_596.mp3]  ;
mjer; drawer;Noun;mjura;;;;;;; مجر  ; [sound:darija_597.mp3]  ;
écran; screen;Noun;les écrans;;;;;;; إكرون  ; [sound:darija_598.mp3]  ;
flus; money;Noun;flus;;;;;;; فلوس  ; [sound:darija_599.mp3]  ;
bosTa; post office;Noun;bosTat;;;;;;; بوسطة  ; [sound:darija_600.mp3]  ;
3mer; age;Noun;3mura;;;;;;; عمر  ; [sound:darija_601.mp3];
cherjm; window;Noun;chrajem;;;;;;; شرجم  ; [sound:darija_602.mp3];
musta7il; impossible;Adjective;;;musta7ila;musta7ilin;musta7ilat;musta7il nweslu fel we9t.;it's impossible for us to arrive in time.; مستحيل  ; [sound:darija_603.mp3];
berrad; teapot;Noun;brared;;;;;;; برّاد  ; [sound:darija_604.mp3];
triku; sweater;Noun;trikuat;;;;;;; تريكو  ; [sound:darija_605.mp3];
be77ra;just now;Adverb;;;;;;be77ra wSelt lddar.;I just got home.; بحرة; [sound:darija_754.mp3];
TbSil; plate;Noun;TbaSel;;;;;;; طبصيل  ; [sound:darija_606.mp3];
plateau; tray;Noun;plateauat;;;;;;; پْلاطو  ; [sound:darija_607.mp3];
9elb; heart;Noun;9luba;;;;;;; قلب  ; [sound:darija_608.mp3];
SoT; sound;Noun;aSwat;;;;;;; صوت  ; [sound:darija_609.mp3];
s9ef; roof;Noun;s9ufa;;;;;;; سقف  ; [sound:darija_610.mp3];
Tebla; table;Noun;Teblat/Tbali;;;;;;; طبلة  ; [sound:darija_611.mp3];
mraya; mirror;Noun;mrayat;;;;;;; مراية  ; [sound:darija_612.mp3];
frigu; freezer;Noun;friguat;;;;;;; فريڭو  ; [sound:darija_613.mp3];
canapé; sofa;Noun;les canapés;;;;;;; صوفا  ; [sound:darija_614.mp3];
ferfara; fan ventilator;Noun;ferfarat;;;;;;; فرفارة  ; [sound:darija_615.mp3];
couloir; hallway;Noun;les couloirs;;;;;;; كولوار  ; [sound:darija_616.mp3];
la cave; basement;Noun;les caves;;;;;;;لاكاف  ; [sound:darija_617.mp3];
jerda; garden;Noun;jradi;;;;;;; جردة  ; [sound:darija_618.mp3];
cheTTaba; broom;Noun;cheTTabat;;;;;;; شطابة  ; [sound:darija_619.mp3];
litière; litter;Noun;les litières;;;;;;; ليتير  ; [sound:darija_620.mp3];
te9chira; sock;Noun;t9acher;;;;;;; تقشيرة  ; [sound:darija_621.mp3];
la poubelle; bin;Noun;les poubelles;;;;;;; پوبيل  ; [sound:darija_622.mp3];
sebbura; board;Noun;sbburat;;;;;;; سبورة  ; [sound:darija_623.mp3];
calendrier; calendar;Noun;les calendriers;;;;;;; كالندري  ; [sound:darija_624.mp3];
kachcha/ghTa; blanket;Noun;kachchat/ghTawat;;;;;;; كاشة / غطا  ; [sound:darija_625.mp3];
usada; pillow;Noun;usayd/usadat;;;;;;; وسادة  ; [sound:darija_626.mp3];
chita t snan; toothbrush;Noun;chitat t snan;;;;;;; شيتة ديال السنان  ; [sound:darija_627.mp3];
mechTa; brush comb;Noun;mechTat;;;;;;; مشط  ; [sound:darija_628.mp3];
punja; sponge;Noun;punjat;;;;;;; بونجة  ; [sound:darija_629.mp3];
Tir; bird;Noun;Tyur;;;;;;; طير  ; [sound:darija_630.mp3];
7uli; sheep;Noun;7wala;;;;;;; حولي  ; [sound:darija_631.mp3];
me3za; goat;Noun;m3az;;;;;;; معزة  ; [sound:darija_632.mp3];
nmer; tiger;Noun;nmura;;;;;;; نمر  ; [sound:darija_633.mp3];
nemra ra9em; number;Noun;nwamer ar9am;;;;;;; نمرة رقم  ; [sound:darija_634.mp3];
porTable tilifun; phone;Noun;portablat tilifunat;;;;;;;پورطابل تليفون; [sound:darija_635.mp3];
lun; color;Noun;alwan;;;;;;; لون  ; [sound:darija_636.mp3];
chemch; sun;Noun;chmucha;;;;;;; شمش  ; [sound:darija_637.mp3];
9amar; moon;Noun;a9mar;;;;;;; قمر  ; [sound:darija_638.mp3];
nejma; star;Noun;njum;;;;;;; نجمة  ; [sound:darija_639.mp3];
kawkab; planet;Noun;kawakib;;;;;;; كوكب  ; [sound:darija_640.mp3];
sma; sky;Noun;ssamawat;;;;;;;سما  ; [sound:darija_641.mp3];
s7aba; cloud;Noun;s7ab;;;;;;; سحابة  ; [sound:darija_642.mp3];
Dbaba; fog;Noun;Dbab;;;;;;; ضبابة  ; [sound:darija_643.mp3];
chta; rain;Noun;chtawat;;;;;;; شتا  ; [sound:darija_644.mp3];
telj; ice;Noun;telj;;;;;;; ثلج  ; [sound:darija_645.mp3];
9zziba; tail;Noun;9zzibat;;;;;;; قزيبة  ; [sound:darija_646.mp3];
lsan; tongue;Noun;lsanat;;;;;;; لسان  ; [sound:darija_647.mp3];
7enk; cheek;Noun;7nak;;;;;;; حنك  ; [sound:darija_648.mp3];
herr; to tickle;;;;;;;;; دغدغ  ; [sound:darija_649.mp3];
7ekk; to scratch;;;;;;;;; حك  ; [sound:darija_650.mp3];
rsem; draw;Verb;;rsem;;;;;; رسم  ; [sound:darija_651.mp3];
feutre; marker;Noun;les feutres;;;;;;; فوتر  ; [sound:darija_652.mp3];
la souris; mouse;Noun;les souris;;;;;;; لا سوري  ; [sound:darija_653.mp3];
les écouteurs; earphones;Noun;les écouteurs;;;;;;; لي زيكوتور  ; [sound:darija_654.mp3];
cask; headphones helmet;Noun;caskat;;;;;;;كاسك  ; [sound:darija_655.mp3];
clavier; keyboard;Noun;les claviers;;;;;;; كلافْيِي  ; [sound:darija_656.mp3];
papier hygiénique; toilet paper;Noun;papier hygiénique;;;;;;; بابيي هيجيينيك  ; [sound:darija_657.mp3];
t9ada; to be out of something;Verb;;t9ada;;;;t9ada liha lmazot.;She was out of petrol/gas.; تقادى  ; [sound:darija_658.mp3];
skhana; fever;Noun;skhanat;;;;;;; سخانة  ; [sound:darija_659.mp3];
rwa7; cold (sick);Noun;rwa7;;;;;;; رواح  ; [sound:darija_660.mp3];
9re3; bald;Adjective;;;9er3a;9er3in;9er3at;;; قرع  ; [sound:darija_661.mp3];
boaTa; box;Noun;boaTat;;;;;;; بواطة  ; [sound:darija_662.mp3];
kleenex; tissue;Noun;kleenexat;;;;;;; كلينيكس  ; [sound:darija_663.mp3];
m3la9; coat hanger;Noun;m3la9at;;;;;;; معلاق  ; [sound:darija_664.mp3];
sutian; bra;Noun;sutianat;;;;;;; سوتيان  ; [sound:darija_665.mp3];
caleçon; boxer;Noun;caleçonat;;;;;;; كالسون  ; [sound:darija_666.mp3];
slip; panties;Noun;slippat;;;;;;; سليب  ; [sound:darija_667.mp3];
rwida; wheel;Noun;rwayd;;;;;;; رويدة  ; [sound:darija_668.mp3];
gidun; steering wheel;Noun;gidunat;;;;;;; كيدون  ; [sound:darija_669.mp3];
teSwira; picture;Noun;tSawer;;;;;;; تصويرة  ; [sound:darija_670.mp3];
étagère; shelf;Noun;les étagères;;;;;;; إيطاجير  ; [sound:darija_671.mp3];
SemTa; belt;Noun;SemTat/SmaTi;;;;;;; صمطة  ; [sound:darija_672.mp3];
télécommande; remote control;Noun;télécommandat;;;;;;; تيليكوموند  ; [sound:darija_673.mp3];
SeDfa; button (clothing);Noun;SDafi;;;;;;; صَدْفَة  ; [sound:darija_674.mp3];
buTun; button (press);Noun;buTunat;;;;;;; بوطون  ; [sound:darija_675.mp3];
kura; ball;Noun;kurat/kwari;;;;;;; كورة  ; [sound:darija_676.mp3];
kabel; cable;Noun;kablat;;;;;;; كابل  ; [sound:darija_677.mp3];
Dfer; nail;Noun;Dfar;;;;;;; ظفر  ; [sound:darija_678.mp3];
gdem; heel;Noun;gdam;;;;;;; قدم  ; [sound:darija_679.mp3];
Sonnette; doorbell;Noun;Sonettat;;;;;;; سونيط  ; [sound:darija_680.mp3];
zehra; flower;Noun;zzher;;;;;;; زهرة  ; [sound:darija_681.mp3];
werda; rose;Noun;werd;;;;;;; وردة  ; [sound:darija_682.mp3];
chinwa; china;;;;;;;;; الصين  ; [sound:darija_683.mp3];
chinwi;chinese;Adjective;;;chinwia;chinwiyin;chinwiyat;;; صيني  ; [sound:darija_684.mp3];
Talian; Italy;;;;;;;;; إيطاليا  ; [sound:darija_685.mp3];
Taliani;italian;Adjective;;;Talianiya;Talianiyin;Talianiyat;;; إيطالي  ; [sound:darija_686.mp3];
mrewwen; disorganized messy;Adjective;;;mrewwna;mrewwnin;mrewwnat;;; مروّن  ; [sound:darija_687.mp3];
mejmu3; organized tidy;Adjective;;;mejmu3a;mejmu3in;mejmu3at;;; مجموع  ; [sound:darija_688.mp3];
foTa; towel;Noun;foTat;;;;;;; فوطة  ; [sound:darija_689.mp3];
shampooing; shampoo;Noun;shampoanat;;;;;;; شامبوان  ; [sound:darija_690.mp3];
lavabo; sink;Noun;lavaboat;;;;;;; لافابو  ; [sound:darija_691.mp3];
meslu9; boiled;Adjective;;;meslu9a;meslu9in;meslu9at;;; مسلوق  ; [sound:darija_692.mp3];
sle9; to boil;Verb;;sle9;;;;kansle9 lbid.;I fry eggs.; سلق  ; [sound:darija_693.mp3];
me9li; fried;Adjective;;;me9liya;me9liyin;me9liyat;;; مقلي  ; [sound:darija_694.mp3];
9la; to fry;Verb;;9li;;;;;; قلى  ; [sound:darija_695.mp3];
dki; smart;Adjective;;;dkiya;dkiyin;dkiyat;;; ذكي  ; [sound:darija_696.mp3];
mkellekh; stupid;Adjective;;;mkellkha;mkellkhin;mkellkhat;;; مكلخ  ; [sound:darija_697.mp3];
9ase7; hard;Adjective;;;9as7a;9as7in;9as7at;;; قاصح  ; [sound:darija_698.mp3];
mikka/plastika; plastic bag;Noun;mikkat/plastikat;;;;;;; ميكا / بلاستيكة  ; [sound:darija_699.mp3];
geffa; shopping bag;Noun;gfaf/geffat;;;;;;; قفة  ; [sound:darija_700.mp3];
me7sad; envious;Adjective;;;me7sada;me7sadin;me7sadat;;; محسد  ; [sound:darija_701.mp3];
jism; body;Noun;ajsam;;;;;;; جسم  ; [sound:darija_702.mp3];
chfayef; lips;Noun;chfayef;;;;;;; شفايْف  ; [sound:darija_703.mp3];
twe77ech; to miss;Verb;;twe77ech;;;;twe77echnakum.;We missed you.; توحش  ; [sound:darija_755.mp3];
rTeb; soft;Adjective;;;reTba;reTbin;reTbat;;; رطب  ; [sound:darija_705.mp3];
7rech; rough;Adjective;;;7ercha;7erchin;7erchat;;; خشن  ; [sound:darija_706.mp3];
metcherfin; a pleasure nice to meet you;;;;;;;;; متشرفين  ; [sound:darija_708.mp3];
ghliD; fat;Adjective;;;ghliDa;ghlaD;ghlaDat;;; غليظ  ; [sound:darija_709.mp3];
DaSer; naughty;Adjective;;;DaSra;DaSrin;DaSat;;; داسر  ; [sound:darija_710.mp3];
mrebbi; well behaved;Adjective;;;mrebbya;mrebbyin;mrebbyat;;; مربي  ; [sound:darija_711.mp3];
3Ta; to give;Verb;;3Ti;;;;;; عطى  ; [sound:darija_712.mp3];
sellef; to lend;Verb;;sellef;;;;sellfat lia tonobiltha.;She lent me her car.; سلف  ; [sound:darija_756.mp3];
tsellef; to borrow;Verb;;tsellef;;;;tselleft bezzaf tel fluss mn 3end lbanka.;I borrowed a lot of money from the bank.; تسلف  ; [sound:darija_757.mp3];
lubya; beans;Noun;lubya;;;;;;; لوبيا  ; [sound:darija_715.mp3];
khyara; cucumber;Noun;khyar;;;;;;; خيارة  ; [sound:darija_716.mp3];
khizzu; carrot;Noun;khizzu/khizzuat;;;;;;; خيزو  ; [sound:darija_717.mp3];
btata; potatoe;Noun;btata;;;;;;; بطاطا  ; [sound:darija_718.mp3];
tffa7a; apple;Noun;teffa7;;;;;;; تفاحة  ; [sound:darija_719.mp3];
freza; strawberry;Noun;frez;;;;;;; فريزة  ; [sound:darija_720.mp3];
7eb lmluk; cherry;Noun;7eb lmluk;;;;;;; حب الملوك  ; [sound:darija_721.mp3];
bu3wida; pear;Noun;bu3wid;;;;;;; بوعويدة  ; [sound:darija_722.mp3];
della7a;watermelon;Noun;della7;;;;;;;دلاحة; [sound:darija_723.mp3];
bTTikha; melon;Noun;bTTikh;;;;;;; بطيخة  ; [sound:darija_724.mp3];
3neb; grapes;Noun;3neb;;;;;;; عنب  ; [sound:darija_725.mp3];
felfla; pepper;Noun;felfla;;;;;;; فلفلة  ; [sound:darija_726.mp3];
kamun; cumin;Noun;kamun;;;;;;; كامون  ; [sound:darija_727.mp3];
denjala; eggplant;Noun;denjal;;;;;;; دنجالة  ; [sound:darija_728.mp3];
ger3a khdra;zucchini;Noun;ger3a khdra;;;;;;;قرعة خضرا; [sound:darija_729.mp3];
ger3a; pumpkin;Noun;ger3a;;;;;;;قرعة  ; [sound:darija_730.mp3];
jbel; mountain;Noun;jbula;;;;;;; جبل  ; [sound:darija_731.mp3];
wad; river;Noun;widan;;;;;;; واد  ; [sound:darija_732.mp3];
khukha; peach;Noun;khukh;;;;;;; خوخة  ; [sound:darija_733.mp3];
che3ra; hair (head);Noun;ch3er ch3urat;;;;;;;شعرة; [sound:darija_734.mp3];
ber9u9a;plum;Noun;ber9u9;;;;;;; برقوقة  ; [sound:darija_735.mp3];
zzbib;raisins;Noun;zzbib;;;;;;; زبيب  ; [sound:darija_736.mp3];
se7ra;desert;Noun;SSa7ari;;;;;;; صحرا; [sound:darija_737.mp3];
avoka; avocado;Noun;lavoka;;;;;;;أفوكا  ; [sound:darija_738.mp3];
temra; date;Noun;tmer;;;;;;; تمرة  ; [sound:darija_739.mp3];
9ezbur; coriander;Noun;9ezbur;;;;;;; قزبور  ; [sound:darija_740.mp3];
me3dnus; parsley;Noun;me3dnus;;;;;;; معدنوس  ; [sound:darija_741.mp3];
chiba; absinth;Noun;chiba;;;;;;; شيبة  ; [sound:darija_742.mp3];
ghewwet;to yell;Verb;;ghewwet;;;;;;غوت; [sound:darija_743.mp3];
m3ach;when what time;;;;;;;;; معاش  ; [sound:darija_744.mp3];
fu9ach;when what time;;;;;;;;; فوقاش; [sound:darija_745.mp3];
7emmam;public bath;Noun;7emmamat;;;;;;; حمام  ; [sound:darija_746.mp3];
che3ra zeghba;Hair;Noun;ch3er zgheb;;;;;;; شعرة زغبة  ; [sound:darija_747.mp3];
thella thella f rasek;take care take care of yourself;Expression;;;;;;;; تهلا تهلا فراسك  ; [sound:darija_748.mp3];
kiwiya;kiwi;Noun;kiwi;;;;;;; كيوي  ; [sound:darija_749.mp3];
be3D;some;Pronoun;;;;;;;; بعض  ; [sound:darija_750.mp3];
ghalaT khaTa2;mistake false wrong;;;;;;;;;; [sound:darija_202.mp3];
adulte; adult; Noun;;;;;;;; أودولت; [sound:darija_759.mp3];
men be3d mura; after; Preposition/Adverb;;;;;;;;; [sound:darija_922.mp3];
merra khra 3awttani; again; Adverb;;;;;;;;; [sound:darija_923.mp3];
kull ga3 kamlin; all; Determiner;;;;;;;;; [sound:darija_924.mp3];
dima da2iman; always; Adverb;;;;;;;;; [sound:darija_925.mp3];
u w; and; Conjunction;;;;;;;;; [sound:darija_926.mp3];
jawab; answer; Noun;ajwiba;;;;;;;جواب; [sound:darija_773.mp3];
ay 7aja; anything; Pronoun;;;;;;;; أي حاجة; [sound:darija_774.mp3];
b7al; as like; Preposition;;;;;;;; بحال; [sound:darija_775.mp3];
7sen; better; Adjective;;;;;;;; حْسَنْ; [sound:darija_778.mp3];
khubz khebz; bread; Noun;;;;;;;;; [sound:darija_927.mp3];
9Der; can; Modal Verb;;9Der;;;;;; قدير; [sound:darija_783.mp3];
chokola; chocolate; Noun;chokola;;;;;;; شوكولا; [sound:darija_784.mp3];
khtar; chose; Verb;;;;;;;; ختار; [sound:darija_785.mp3];
sinima; cinema; Noun;;;;;;;; سينيما; [sound:darija_786.mp3];
conversation; conversation; Noun;;;;;;;; كونڤرساسيون; [sound:darija_789.mp3];
ghame9 mDellem; dark;Adjective;;;gham9a mdellma;gham9in mdellmin;gham9at mdellmat;;;; [sound:darija_928.mp3];
3ziz; dear;Adjective;;;3ziza;3zaz;3zazat;;; عزيز; [sound:darija_792.mp3];
mekhtalef; different;Adjective;;;mekhtalefa;mekhtalefin;mekhtalefat;;; مختلف; [sound:darija_793.mp3];
lte7t; down downstairs; Adverb;;;;;;;; لتحت; [sound:darija_794.mp3];
chifor; driver; Noun;;;;;;;; شوفور; [sound:darija_795.mp3];
kul wa7ed kulla wa7ed; each; Determiner;;;;;;;;; [sound:darija_929.mp3];
nihaya la fin; end; Noun;;;;;;;;; [sound:darija_930.mp3];
tmette3; enjoy; Verb;;;;;;;; تْمتّع; [sound:darija_800.mp3];
kull kulla; every; Determiner;;;;;;;;; [sound:darija_931.mp3];
mufeddal; favourite; Adjective;;;;;;;; مفضّل; [sound:darija_803.mp3];
7ess; to feel; Verb;;7ess;;;;;; حَسّ; [sound:darija_804.mp3];
film; film; Noun;aflam;;;;;;; فيلم; [sound:darija_805.mp3];
bikhir; fine; Adjective;;;;;;;; بخير; [sound:darija_707.mp3];
mSeTTe7; flat;Adjective;;;mSett7a;mSett7in;mSett7at;;; مسطّح; [sound:darija_806.mp3];
3aDim; great;Adjective;;;3aDima;3aDimin;3aDimat;;; عظيم; [sound:darija_810.mp3];
huwa; he; Pronoun;;;;;;;; هو; [sound:darija_812.mp3];
kifach ki; how; Adverb;;;;;;;;; [sound:darija_932.mp3];
ji3an; hungry;Adjective;;;ji3ana;ji3anin;ji3anat;;; جيعان; [sound:darija_817.mp3];
f; in; Preposition;;;;;;;; ف; [sound:darija_819.mp3];
3reD; to invite; Verb;;;;;;;; عرض; [sound:darija_820.mp3];
mcha f 7al(u); leave; Verb;;mchi f 7al(u);;;;;; مشى ف حالو; [sound:darija_822.mp3];
fate7; light;Adjective;;;fat7a;fat7in;fat7at;;; فاتح; [sound:darija_823.mp3];
3ach; to live; Verb;;3ich;;;;;; عاش; [sound:darija_826.mp3];
7ubb; love; Noun;;;;;;;; حب; [sound:darija_829.mp3];
bezzaf ch7al mn; many; Determiner;;;;;;;;; [sound:darija_934.mp3];
yemken; may; Modal Verb;;;;;;;; يامْكَنْ; [sound:darija_831.mp3];
kter; more; Adverb;;;;;;;; كتير; [sound:darija_832.mp3];
met7ef musée; museum; Noun;;;;;;;;; [sound:darija_935.mp3];
7taj; to need; Verb;;;;;;;; حتاج; [sound:darija_835.mp3];
jarida journal; newspaper; Noun;;;;;;;;; [sound:darija_936.mp3];
li jay jjay; next; Adjective;;;;;;;;; [sound:darija_937.mp3];
mezyan Driyef; nice kind; Adjective;;;;;;;;; [sound:darija_938.mp3];
ma - ch; not; Adverb;;;;;;;; ما - ش; [sound:darija_939.mp3];
dyal; of; Preposition;;;;;;;; ديال; [sound:darija_845.mp3];
9dim charef; old;Adjective;;;9dima charfa;9dam charfin;9damat charfat;;;; [sound:darija_940.mp3];
3la; on about; Preposition;;;;;;;; علا; [sound:darija_848.mp3];
ulla wlla; or; Conjunction;;;;;;;;; [sound:darija_941.mp3];
dyalna; our; Determiner;;;;;;;; ديالنا; [sound:darija_851.mp3];
berra lkharej; outside out; Preposition;;;;;;;;; [sound:darija_942.mp3];
khlleS; to pay; Verb;;;;;;;; خلّص; [sound:darija_854.mp3];
parka StaSiona; to park; Verb;;;;;;;;; [sound:darija_855.mp3];
9iT3a; part; Noun;9iTa3;;;;;;; قطعة; [sound:darija_943.mp3];
7efla; party; Noun;7afalat;;;;;;; حفلة; [sound:darija_858.mp3];
nas bachar; people; Noun;;;;;;;;; [sound:darija_859.mp3];
nebta; plant; Noun;nebtat;;;;;;; نبتة; [sound:darija_860.mp3];
su2al; question; Noun;as2ila;;;;;;; سؤال; [sound:darija_861.mp3];
sri3; quick;Adjective;;;sri3a;sra3;sri3at;;; سريع; [sound:darija_862.mp3];
amin; safe;Adjective;;;amina;aminin;aminat;;; آمن; [sound:darija_864.mp3];
mel7a; salt; Noun;;;;;;;; ملحة; [sound:darija_866.mp3];
sandwich; sandwich; Noun;sandwichat;;;;;;; ساندويتش; [sound:darija_867.mp3];
hiya; she; Pronoun;;;;;;;; هي; [sound:darija_869.mp3];
werra; to show; Verb;;werri;;;;;; ورّا; [sound:darija_870.mp3];
sme7 lia kan3tader; sorry I apologize; Adjective;;;;;;;;; [sound:darija_945.mp3];
w9ef 7bes; to stop; Verb;;;;;;;;; [sound:darija_946.mp3];
khda khad; to take; Verb;;yakhed;;;;;;; [sound:darija_880.mp3];
tennis; tennis; Noun;;;;;;;; تينيس; [sound:darija_881.mp3];
dak hadak; that; Determiner;;;;;;;;; [sound:darija_947.mp3];
temma temmak; there; Adverb;;;;;;;;; [sound:darija_948.mp3];
homa; they; Pronoun;;;;;;;; هوما; [sound:darija_887.mp3];
7aja; thing; Noun;7ajat 7wayej;;;;;;;حاجة; [sound:darija_888.mp3];
tkheyyel; to imagine; Verb;;tkheyyel;;;;;; تخيّل; [sound:darija_889.mp3];
had; this; Determiner;;;;;;;; هاد; [sound:darija_890.mp3];
ticket; ticket; Noun;ticketat;;;;;;; تيكي; [sound:darija_891.mp3];
gal 3awed;to tell to say; Verb;;gul 3awed;;;;;;; [sound:darija_949.mp3];
chejra; tree; Noun;chjer chejrat;;;;;;; شجرة; [sound:darija_895.mp3];
fu9; up; Adverb;;;;;;;; فوق; [sound:darija_896.mp3];
dafi; warm;Adjective;;;dafya;dafyin;dafyat;;; دافي; [sound:darija_899.mp3];
jew Te9s; weather; Noun;;;;;;;;; [sound:darija_950.mp3];
site; website; Noun;;;;;;;; سايت; [sound:darija_904.mp3];
mezyan; well good; Adverb;;;;;;;; مزيان; [sound:darija_905.mp3];
imta fu9ach; when what time; Adverb;;;;;;;;; [sound:darija_951.mp3];
fin; where; Adverb;;;;;;;; فين; [sound:darija_908.mp3];
achmen ina; which what; Determiner;;;;;;;;; [sound:darija_952.mp3];
gha ghadi; will; Modal Verb;;;;;;;;; [sound:darija_953.mp3];
berd ri7; wind; Noun;;;;;;;;; [sound:darija_954.mp3];
3alam; world; Noun;3awalim;;;;;;; عالم; [sound:darija_918.mp3];
nta nti; you; Pronoun;;;;;;;;; [sound:darija_955.mp3];
mura;behind after;;;;;;;;; مورا; [sound:darija_761.mp3];
merra khra;another time again;;;;;;;;; مرة أخرى; [sound:darija_763.mp3];
3awttani;again;;;;;;;;; عوّتاني; [sound:darija_764.mp3];
ga3;all whole;;;;;;;;; ع; [sound:darija_766.mp3];
da2iman;always;;;;;;;;; دايما; [sound:darija_770.mp3];
u;and;;;;;;;;; و; [sound:darija_771.mp3];
w;and;;;;;;;;; و; [sound:darija_772.mp3];
khubz;bread;;;;;;;;; خبز; [sound:darija_781.mp3];
khebz;bread;;;;;;;;; خبز; [sound:darija_782.mp3];
ghame9;dark;Adjective;;;gham9a;gham9in;gham9at;;; غامق; [sound:darija_790.mp3];
mDellem;dark;Adjective;;;mdellma;mdellmin;mdellmat;;; مظلم; [sound:darija_791.mp3];
kul wa7ed;each one every one;;;;;;;;; كل واحد; [sound:darija_796.mp3];
kulla wa7ed;each one every one;;;;;;;;; كُلة واحد; [sound:darija_797.mp3];
nihaya;end;;;;;;;;; نهاية; [sound:darija_798.mp3];
la fin;end;;;;;;;;; لافين; [sound:darija_799.mp3];
kull;every each;;;;;;;;; كل; [sound:darija_801.mp3];
kulla;every each;;;;;;;;; كُلة; [sound:darija_802.mp3];
ki;like;;;;;;;;; كي; [sound:darija_816.mp3];
3jeb 3ejb;gefällt;Verb;;3jeb 3ejb;;;;;;; [sound:darija_825.mp3];
ch7al men;so many;;;;;;;;; شحال من; [sound:darija_830.mp3];
met7ef;museum;;mata7if;;;;;;; متحف; [sound:darija_833.mp3];
musée;museum;Noun;musées;;;;;;; ميزي; [sound:darija_834.mp3];
jarida;journal;;jara2id;;;;;;; جريدة; [sound:darija_837.mp3];
journal;journal;;journaux;;;;;;; جورنال; [sound:darija_838.mp3];
li jay;coming next;;;;;;;;; لي جاي; [sound:darija_839.mp3];
Driyef;kind nice;Adjective;;;Driyfa;Draf Driyfin;Driyfat;;; درييف; [sound:darija_842.mp3];
charef;old;Adjective;;;charfa;charfin;charfat;;; شريف; [sound:darija_847.mp3];
ulla;or;;;;;;;;; ولا; [sound:darija_849.mp3];
lkharej;outside;Noun;;;;;;;; الخارْج; [sound:darija_853.mp3];
morceau;piece;Noun;;;;;;;; مورسو; [sound:darija_857.mp3];
daba chwiya;soon;;;;;;;;; دابا شوية; [sound:darija_871.mp3];
bientôt;soon;;;;;;;;; بيانتو; [sound:darija_872.mp3];
sme7 lia;sorry;;;;;;;;; سمح ليا; [sound:darija_873.mp3];
pardon;sorry;;;;;;;;; باردون; [sound:darija_874.mp3];
3tader;to apologize;;;3tader;;;;;; اعتذر; [sound:darija_875.mp3];
dak;that;;;;;;;;; داك; [sound:darija_882.mp3];
hadak;that;;;;;;;;; هاداك; [sound:darija_883.mp3];
temmak;there;;;;;;;;; تماك; [sound:darija_886.mp3];
jew;weather;;;;;;;;; جو; [sound:darija_902.mp3];
Te9s;weather;;;;;;;;; طقس; [sound:darija_903.mp3];
imta;when;;;;;;;;; إمتا; [sound:darija_906.mp3];
achmen;what which;;;;;;;;; أشمّن; [sound:darija_909.mp3];
gha;just only;;;;;;;;; غا; [sound:darija_912.mp3];
ri7;wind;;;;;;;;; ريح; [sound:darija_915.mp3];
