Title;Link
Learn Arabic Online - Comprehensive Courses;https://www.learnarabiconline.com/
ArabicPath - Free Arabic Learning Resources;https://arabicpath.com/
Essential Arabic Grammar Rules Guide;https://preply.com/en/blog/arabic-grammar-rules/
LinguaLid - Learn Moroccan Arabic Basics;https://lingualid.com/learn-moroccan-arabic/
Desert Sky - Arabic Grammar Reference;https://arabic.desert-sky.net/index.html
Wiktionary Moroccan Arabic Dictionary;https://en.wiktionary.org/wiki/Category:Moroccan_Arabic_lemmas
MyLanguages - Moroccan Arabic Crash Course;https://mylanguages.org/learn_moroccan.php
SelfArabic - Beginner's Immersion Guide;https://selfarabic.com/how-to-learn-arabic-beginners-guide-to-learning-arabic/#immerse-yourself-in-arabic
AlifArabic - Understanding Arabic Dialects;https://alifarabic.com/arabic-dialects-understand-differences/
Arabic.fi - Free Arabic Grammar Lessons;https://arabic.fi/lessons/
Friends of Morocco - Arabic Learning Portal;https://www.friendsofmorocco.org/learnarabic.htm
Moroccan Arabic Translation Guide;https://englisharabictranslations.com/blog/a-guide-to-moroccan-arabic/
Tajine Qui Parle - Moroccan Culture & Language;https://tajinequiparle.com/en/home-2/
Transparent Language Arabic Grammar Blog;https://blogs.transparent.com/arabic/category/grammar/
Industry Arabic - Moroccan Dialect Guide;https://industryarabic.com/moroccan-arabic/
Humanities LibreTexts - Arabic Language Resources;https://human.libretexts.org/Bookshelves/Languages/Arabic
Moroccan Arabic Language - Specialized Lessons;https://moroccanarabiclanguage.com/
Arabic for Beginners - Starter Lessons;https://www.arabicforbeginners.com/#start-learning
